"GEO_ID","NAME","B19013_001E","B19013_001M",
"Geography","Geographic Area Name","Estimate!!Median household income in the past 12 months (in 2022 inflation-adjusted dollars)","Margin of Error!!Median household income in the past 12 months (in 2022 inflation-adjusted dollars)",
"1400000US04013010102","Census Tract 101.02; Maricopa County; Arizona","181408","33492",
"1400000US04013010103","Census Tract 101.03; Maricopa County; Arizona","128446","41524",
"1400000US04013010104","Census Tract 101.04; Maricopa County; Arizona","136418","16871",
"1400000US04013030401","Census Tract 304.01; Maricopa County; Arizona","150645","41911",
"1400000US04013030402","Census Tract 304.02; Maricopa County; Arizona","91250","24800",
"1400000US04013040502","Census Tract 405.02; Maricopa County; Arizona","61543","10603",
"1400000US04013040506","Census Tract 405.06; Maricopa County; Arizona","56567","6219",
"1400000US04013040507","Census Tract 405.07; Maricopa County; Arizona","63398","5995",
"1400000US04013040512","Census Tract 405.12; Maricopa County; Arizona","62422","7930",
"1400000US04013040513","Census Tract 405.13; Maricopa County; Arizona","72222","12550",
"1400000US04013040514","Census Tract 405.14; Maricopa County; Arizona","63438","8793",
"1400000US04013040515","Census Tract 405.15; Maricopa County; Arizona","71250","21025",
"1400000US04013040516","Census Tract 405.16; Maricopa County; Arizona","91273","9789",
"1400000US04013040522","Census Tract 405.22; Maricopa County; Arizona","59277","12790",
"1400000US04013040523","Census Tract 405.23; Maricopa County; Arizona","81250","14564",
"1400000US04013040524","Census Tract 405.24; Maricopa County; Arizona","85341","18266",
"1400000US04013040525","Census Tract 405.25; Maricopa County; Arizona","70625","7274",
"1400000US04013040526","Census Tract 405.26; Maricopa County; Arizona","70089","14752",
"1400000US04013040527","Census Tract 405.27; Maricopa County; Arizona","77206","11494",
"1400000US04013040528","Census Tract 405.28; Maricopa County; Arizona","75113","3918",
"1400000US04013040529","Census Tract 405.29; Maricopa County; Arizona","86105","8571",
"1400000US04013040530","Census Tract 405.30; Maricopa County; Arizona","84596","29000",
"1400000US04013040531","Census Tract 405.31; Maricopa County; Arizona","54368","8535",
"1400000US04013040532","Census Tract 405.32; Maricopa County; Arizona","104840","19098",
"1400000US04013040533","Census Tract 405.33; Maricopa County; Arizona","124000","17118",
"1400000US04013040534","Census Tract 405.34; Maricopa County; Arizona","74741","22721",
"1400000US04013040535","Census Tract 405.35; Maricopa County; Arizona","111000","14941",
"1400000US04013040536","Census Tract 405.36; Maricopa County; Arizona","127702","23613",
"1400000US04013040537","Census Tract 405.37; Maricopa County; Arizona","124995","34778",
"1400000US04013040538","Census Tract 405.38; Maricopa County; Arizona","94504","29095",
"1400000US04013040539","Census Tract 405.39; Maricopa County; Arizona","82487","9395",
"1400000US04013040540","Census Tract 405.40; Maricopa County; Arizona","95534","5267",
"1400000US04013040541","Census Tract 405.41; Maricopa County; Arizona","52044","10481",
"1400000US04013050603","Census Tract 506.03; Maricopa County; Arizona","73333","9656",
"1400000US04013050604","Census Tract 506.04; Maricopa County; Arizona","71583","9582",
"1400000US04013050609","Census Tract 506.09; Maricopa County; Arizona","77541","10350",
"1400000US04013050611","Census Tract 506.11; Maricopa County; Arizona","99014","7257",
"1400000US04013050612","Census Tract 506.12; Maricopa County; Arizona","100413","4569",
"1400000US04013050613","Census Tract 506.13; Maricopa County; Arizona","96989","7223",
"1400000US04013050614","Census Tract 506.14; Maricopa County; Arizona","98448","25678",
"1400000US04013050615","Census Tract 506.15; Maricopa County; Arizona","71274","13907",
"1400000US04013050616","Census Tract 506.16; Maricopa County; Arizona","85091","35928",
"1400000US04013050617","Census Tract 506.17; Maricopa County; Arizona","94141","24392",
"1400000US04013050618","Census Tract 506.18; Maricopa County; Arizona","150486","16800",
"1400000US04013050619","Census Tract 506.19; Maricopa County; Arizona","130197","41655",
"1400000US04013050620","Census Tract 506.20; Maricopa County; Arizona","114378","10267",
"1400000US04013050621","Census Tract 506.21; Maricopa County; Arizona","88023","12318",
"1400000US04013050701","Census Tract 507.01; Maricopa County; Arizona","68868","6587",
"1400000US04013050702","Census Tract 507.02; Maricopa County; Arizona","68798","16447",
"1400000US04013060801","Census Tract 608.01; Maricopa County; Arizona","42700","10285",
"1400000US04013060802","Census Tract 608.02; Maricopa County; Arizona","76307","9926",
"1400000US04013060901","Census Tract 609.01; Maricopa County; Arizona","71250","19770",
"1400000US04013060902","Census Tract 609.02; Maricopa County; Arizona","45250","15987",
"1400000US04013060903","Census Tract 609.03; Maricopa County; Arizona","79226","11946",
"1400000US04013060904","Census Tract 609.04; Maricopa County; Arizona","65238","16245",
"1400000US04013061010","Census Tract 610.10; Maricopa County; Arizona","116607","21031",
"1400000US04013061011","Census Tract 610.11; Maricopa County; Arizona","115549","13804",
"1400000US04013061013","Census Tract 610.13; Maricopa County; Arizona","105268","14741",
"1400000US04013061014","Census Tract 610.14; Maricopa County; Arizona","61657","21182",
"1400000US04013061015","Census Tract 610.15; Maricopa County; Arizona","82929","22541",
"1400000US04013061017","Census Tract 610.17; Maricopa County; Arizona","-","**",
"1400000US04013061018","Census Tract 610.18; Maricopa County; Arizona","74750","10957",
"1400000US04013061020","Census Tract 610.20; Maricopa County; Arizona","129583","22691",
"1400000US04013061021","Census Tract 610.21; Maricopa County; Arizona","131552","16845",
"1400000US04013061024","Census Tract 610.24; Maricopa County; Arizona","98681","12534",
"1400000US04013061026","Census Tract 610.26; Maricopa County; Arizona","92197","22161",
"1400000US04013061027","Census Tract 610.27; Maricopa County; Arizona","90925","20796",
"1400000US04013061028","Census Tract 610.28; Maricopa County; Arizona","69299","6947",
"1400000US04013061029","Census Tract 610.29; Maricopa County; Arizona","82040","10100",
"1400000US04013061031","Census Tract 610.31; Maricopa County; Arizona","114479","23333",
"1400000US04013061032","Census Tract 610.32; Maricopa County; Arizona","102330","21472",
"1400000US04013061033","Census Tract 610.33; Maricopa County; Arizona","73500","17529",
"1400000US04013061034","Census Tract 610.34; Maricopa County; Arizona","98487","29845",
"1400000US04013061035","Census Tract 610.35; Maricopa County; Arizona","81481","20327",
"1400000US04013061036","Census Tract 610.36; Maricopa County; Arizona","148214","13077",
"1400000US04013061037","Census Tract 610.37; Maricopa County; Arizona","121155","11921",
"1400000US04013061038","Census Tract 610.38; Maricopa County; Arizona","89427","14866",
"1400000US04013061039","Census Tract 610.39; Maricopa County; Arizona","129042","4048",
"1400000US04013061040","Census Tract 610.40; Maricopa County; Arizona","84809","8040",
"1400000US04013061041","Census Tract 610.41; Maricopa County; Arizona","76547","20767",
"1400000US04013061042","Census Tract 610.42; Maricopa County; Arizona","66897","7815",
"1400000US04013061043","Census Tract 610.43; Maricopa County; Arizona","77331","9794",
"1400000US04013061044","Census Tract 610.44; Maricopa County; Arizona","105952","16795",
"1400000US04013061045","Census Tract 610.45; Maricopa County; Arizona","120934","19278",
"1400000US04013061046","Census Tract 610.46; Maricopa County; Arizona","57500","9023",
"1400000US04013061047","Census Tract 610.47; Maricopa County; Arizona","133182","10018",
"1400000US04013061048","Census Tract 610.48; Maricopa County; Arizona","104583","36384",
"1400000US04013061049","Census Tract 610.49; Maricopa County; Arizona","94234","22186",
"1400000US04013061050","Census Tract 610.50; Maricopa County; Arizona","96566","14590",
"1400000US04013061051","Census Tract 610.51; Maricopa County; Arizona","115608","54926",
"1400000US04013061052","Census Tract 610.52; Maricopa County; Arizona","84204","8448",
"1400000US04013061053","Census Tract 610.53; Maricopa County; Arizona","58269","14978",
"1400000US04013061054","Census Tract 610.54; Maricopa County; Arizona","101346","16437",
"1400000US04013061055","Census Tract 610.55; Maricopa County; Arizona","133297","11020",
"1400000US04013061056","Census Tract 610.56; Maricopa County; Arizona","143523","21810",
"1400000US04013061057","Census Tract 610.57; Maricopa County; Arizona","76083","20649",
"1400000US04013061058","Census Tract 610.58; Maricopa County; Arizona","94000","21348",
"1400000US04013061059","Census Tract 610.59; Maricopa County; Arizona","107183","28209",
"1400000US04013061060","Census Tract 610.60; Maricopa County; Arizona","81096","12422",
"1400000US04013061061","Census Tract 610.61; Maricopa County; Arizona","107642","28982",
"1400000US04013061062","Census Tract 610.62; Maricopa County; Arizona","100223","16173",
"1400000US04013061063","Census Tract 610.63; Maricopa County; Arizona","41484","22605",
"1400000US04013061064","Census Tract 610.64; Maricopa County; Arizona","97004","15710",
"1400000US04013061100","Census Tract 611; Maricopa County; Arizona","59059","7848",
"1400000US04013061200","Census Tract 612; Maricopa County; Arizona","46801","9169",
"1400000US04013061300","Census Tract 613; Maricopa County; Arizona","64356","7677",
"1400000US04013061401","Census Tract 614.01; Maricopa County; Arizona","46786","11420",
"1400000US04013061402","Census Tract 614.02; Maricopa County; Arizona","62466","14627",
"1400000US04013071503","Census Tract 715.03; Maricopa County; Arizona","48167","6562",
"1400000US04013071504","Census Tract 715.04; Maricopa County; Arizona","56582","10822",
"1400000US04013071505","Census Tract 715.05; Maricopa County; Arizona","55543","10260",
"1400000US04013071506","Census Tract 715.06; Maricopa County; Arizona","56613","7878",
"1400000US04013071509","Census Tract 715.09; Maricopa County; Arizona","87537","16573",
"1400000US04013071510","Census Tract 715.10; Maricopa County; Arizona","135980","14020",
"1400000US04013071511","Census Tract 715.11; Maricopa County; Arizona","72407","24700",
"1400000US04013071512","Census Tract 715.12; Maricopa County; Arizona","87479","9205",
"1400000US04013071513","Census Tract 715.13; Maricopa County; Arizona","100673","36422",
"1400000US04013071514","Census Tract 715.14; Maricopa County; Arizona","92953","13110",
"1400000US04013071515","Census Tract 715.15; Maricopa County; Arizona","75264","10294",
"1400000US04013071516","Census Tract 715.16; Maricopa County; Arizona","58300","20810",
"1400000US04013071517","Census Tract 715.17; Maricopa County; Arizona","100461","13570",
"1400000US04013071600","Census Tract 716; Maricopa County; Arizona","43500","4769",
"1400000US04013071701","Census Tract 717.01; Maricopa County; Arizona","76792","5671",
"1400000US04013071702","Census Tract 717.02; Maricopa County; Arizona","42689","6096",
"1400000US04013071801","Census Tract 718.01; Maricopa County; Arizona","42031","8356",
"1400000US04013071802","Census Tract 718.02; Maricopa County; Arizona","42372","9959",
"1400000US04013071903","Census Tract 719.03; Maricopa County; Arizona","77578","10981",
"1400000US04013071906","Census Tract 719.06; Maricopa County; Arizona","62480","12938",
"1400000US04013071909","Census Tract 719.09; Maricopa County; Arizona","55978","7933",
"1400000US04013071910","Census Tract 719.10; Maricopa County; Arizona","55581","5974",
"1400000US04013071911","Census Tract 719.11; Maricopa County; Arizona","70787","18119",
"1400000US04013071912","Census Tract 719.12; Maricopa County; Arizona","51587","18651",
"1400000US04013071913","Census Tract 719.13; Maricopa County; Arizona","49482","8466",
"1400000US04013071914","Census Tract 719.14; Maricopa County; Arizona","66548","11609",
"1400000US04013071915","Census Tract 719.15; Maricopa County; Arizona","67250","11792",
"1400000US04013082002","Census Tract 820.02; Maricopa County; Arizona","81709","30298",
"1400000US04013082007","Census Tract 820.07; Maricopa County; Arizona","60500","9194",
"1400000US04013082008","Census Tract 820.08; Maricopa County; Arizona","75982","13696",
"1400000US04013082009","Census Tract 820.09; Maricopa County; Arizona","67344","8936",
"1400000US04013082010","Census Tract 820.10; Maricopa County; Arizona","78851","11649",
"1400000US04013082012","Census Tract 820.12; Maricopa County; Arizona","76419","5813",
"1400000US04013082016","Census Tract 820.16; Maricopa County; Arizona","85195","14171",
"1400000US04013082017","Census Tract 820.17; Maricopa County; Arizona","77328","16514",
"1400000US04013082018","Census Tract 820.18; Maricopa County; Arizona","76531","3822",
"1400000US04013082019","Census Tract 820.19; Maricopa County; Arizona","106058","20333",
"1400000US04013082020","Census Tract 820.20; Maricopa County; Arizona","107969","19127",
"1400000US04013082021","Census Tract 820.21; Maricopa County; Arizona","109698","14081",
"1400000US04013082022","Census Tract 820.22; Maricopa County; Arizona","58534","8308",
"1400000US04013082023","Census Tract 820.23; Maricopa County; Arizona","94206","6242",
"1400000US04013082024","Census Tract 820.24; Maricopa County; Arizona","63750","21572",
"1400000US04013082025","Census Tract 820.25; Maricopa County; Arizona","99335","18795",
"1400000US04013082026","Census Tract 820.26; Maricopa County; Arizona","97662","8741",
"1400000US04013082027","Census Tract 820.27; Maricopa County; Arizona","83698","29756",
"1400000US04013082028","Census Tract 820.28; Maricopa County; Arizona","61070","6125",
"1400000US04013082204","Census Tract 822.04; Maricopa County; Arizona","90357","12949",
"1400000US04013082205","Census Tract 822.05; Maricopa County; Arizona","85651","4789",
"1400000US04013082206","Census Tract 822.06; Maricopa County; Arizona","90641","10042",
"1400000US04013082207","Census Tract 822.07; Maricopa County; Arizona","98750","22484",
"1400000US04013082208","Census Tract 822.08; Maricopa County; Arizona","70590","6195",
"1400000US04013082209","Census Tract 822.09; Maricopa County; Arizona","49202","9795",
"1400000US04013082210","Census Tract 822.10; Maricopa County; Arizona","76682","17048",
"1400000US04013082211","Census Tract 822.11; Maricopa County; Arizona","108774","14809",
"1400000US04013082212","Census Tract 822.12; Maricopa County; Arizona","94635","15146",
"1400000US04013082213","Census Tract 822.13; Maricopa County; Arizona","106679","31572",
"1400000US04013083000","Census Tract 830; Maricopa County; Arizona","47875","9817",
"1400000US04013092305","Census Tract 923.05; Maricopa County; Arizona","62500","25230",
"1400000US04013092306","Census Tract 923.06; Maricopa County; Arizona","74357","9508",
"1400000US04013092307","Census Tract 923.07; Maricopa County; Arizona","64045","26575",
"1400000US04013092308","Census Tract 923.08; Maricopa County; Arizona","60397","8762",
"1400000US04013092309","Census Tract 923.09; Maricopa County; Arizona","96875","9074",
"1400000US04013092311","Census Tract 923.11; Maricopa County; Arizona","30857","4816",
"1400000US04013092312","Census Tract 923.12; Maricopa County; Arizona","48988","4042",
"1400000US04013092401","Census Tract 924.01; Maricopa County; Arizona","45278","8960",
"1400000US04013092402","Census Tract 924.02; Maricopa County; Arizona","40231","10088",
"1400000US04013092500","Census Tract 925; Maricopa County; Arizona","46614","8035",
"1400000US04013092600","Census Tract 926; Maricopa County; Arizona","45100","12159",
"1400000US04013092705","Census Tract 927.05; Maricopa County; Arizona","61585","2526",
"1400000US04013092708","Census Tract 927.08; Maricopa County; Arizona","65976","7431",
"1400000US04013092709","Census Tract 927.09; Maricopa County; Arizona","80694","30728",
"1400000US04013092710","Census Tract 927.10; Maricopa County; Arizona","105698","16203",
"1400000US04013092711","Census Tract 927.11; Maricopa County; Arizona","76548","14686",
"1400000US04013092712","Census Tract 927.12; Maricopa County; Arizona","75854","15107",
"1400000US04013092713","Census Tract 927.13; Maricopa County; Arizona","74091","25438",
"1400000US04013092715","Census Tract 927.15; Maricopa County; Arizona","71185","3656",
"1400000US04013092716","Census Tract 927.16; Maricopa County; Arizona","72717","20678",
"1400000US04013092717","Census Tract 927.17; Maricopa County; Arizona","49257","13124",
"1400000US04013092718","Census Tract 927.18; Maricopa County; Arizona","53417","17138",
"1400000US04013092719","Census Tract 927.19; Maricopa County; Arizona","70494","9468",
"1400000US04013092720","Census Tract 927.20; Maricopa County; Arizona","75982","8320",
"1400000US04013092721","Census Tract 927.21; Maricopa County; Arizona","135208","12097",
"1400000US04013092723","Census Tract 927.23; Maricopa County; Arizona","78036","7638",
"1400000US04013092724","Census Tract 927.24; Maricopa County; Arizona","56080","8853",
"1400000US04013092801","Census Tract 928.01; Maricopa County; Arizona","55102","6395",
"1400000US04013092802","Census Tract 928.02; Maricopa County; Arizona","43125","14299",
"1400000US04013092900","Census Tract 929; Maricopa County; Arizona","38833","11121",
"1400000US04013093001","Census Tract 930.01; Maricopa County; Arizona","46452","11748",
"1400000US04013093002","Census Tract 930.02; Maricopa County; Arizona","65711","28054",
"1400000US04013093101","Census Tract 931.01; Maricopa County; Arizona","47083","12956",
"1400000US04013093104","Census Tract 931.04; Maricopa County; Arizona","46230","7334",
"1400000US04013093105","Census Tract 931.05; Maricopa County; Arizona","43944","16165",
"1400000US04013093106","Census Tract 931.06; Maricopa County; Arizona","43692","12411",
"1400000US04013093200","Census Tract 932; Maricopa County; Arizona","52625","5505",
"1400000US04013103205","Census Tract 1032.05; Maricopa County; Arizona","110000","14993",
"1400000US04013103206","Census Tract 1032.06; Maricopa County; Arizona","144063","20043",
"1400000US04013103207","Census Tract 1032.07; Maricopa County; Arizona","168125","23850",
"1400000US04013103208","Census Tract 1032.08; Maricopa County; Arizona","70417","11900",
"1400000US04013103209","Census Tract 1032.09; Maricopa County; Arizona","120227","26567",
"1400000US04013103210","Census Tract 1032.10; Maricopa County; Arizona","70139","10643",
"1400000US04013103211","Census Tract 1032.11; Maricopa County; Arizona","117819","13189",
"1400000US04013103212","Census Tract 1032.12; Maricopa County; Arizona","114565","22484",
"1400000US04013103214","Census Tract 1032.14; Maricopa County; Arizona","130045","34656",
"1400000US04013103215","Census Tract 1032.15; Maricopa County; Arizona","136136","21136",
"1400000US04013103216","Census Tract 1032.16; Maricopa County; Arizona","102143","34075",
"1400000US04013103217","Census Tract 1032.17; Maricopa County; Arizona","100808","33615",
"1400000US04013103219","Census Tract 1032.19; Maricopa County; Arizona","99466","19702",
"1400000US04013103220","Census Tract 1032.20; Maricopa County; Arizona","99167","26100",
"1400000US04013103302","Census Tract 1033.02; Maricopa County; Arizona","80764","27060",
"1400000US04013103303","Census Tract 1033.03; Maricopa County; Arizona","82188","18100",
"1400000US04013103304","Census Tract 1033.04; Maricopa County; Arizona","48944","6353",
"1400000US04013103305","Census Tract 1033.05; Maricopa County; Arizona","46648","9490",
"1400000US04013103306","Census Tract 1033.06; Maricopa County; Arizona","40994","4190",
"1400000US04013103400","Census Tract 1034; Maricopa County; Arizona","68114","19964",
"1400000US04013103501","Census Tract 1035.01; Maricopa County; Arizona","86765","18888",
"1400000US04013103502","Census Tract 1035.02; Maricopa County; Arizona","90646","6779",
"1400000US04013103604","Census Tract 1036.04; Maricopa County; Arizona","79516","18656",
"1400000US04013103605","Census Tract 1036.05; Maricopa County; Arizona","138611","15825",
"1400000US04013103606","Census Tract 1036.06; Maricopa County; Arizona","89611","10236",
"1400000US04013103607","Census Tract 1036.07; Maricopa County; Arizona","96452","18119",
"1400000US04013103608","Census Tract 1036.08; Maricopa County; Arizona","78125","18101",
"1400000US04013103609","Census Tract 1036.09; Maricopa County; Arizona","46932","7199",
"1400000US04013103611","Census Tract 1036.11; Maricopa County; Arizona","116087","13543",
"1400000US04013103612","Census Tract 1036.12; Maricopa County; Arizona","61052","13290",
"1400000US04013103614","Census Tract 1036.14; Maricopa County; Arizona","95216","29354",
"1400000US04013103615","Census Tract 1036.15; Maricopa County; Arizona","43013","8809",
"1400000US04013103701","Census Tract 1037.01; Maricopa County; Arizona","50887","14406",
"1400000US04013103702","Census Tract 1037.02; Maricopa County; Arizona","84410","12722",
"1400000US04013103900","Census Tract 1039; Maricopa County; Arizona","61278","12420",
"1400000US04013104000","Census Tract 1040; Maricopa County; Arizona","43782","16243",
"1400000US04013104100","Census Tract 1041; Maricopa County; Arizona","66063","15984",
"1400000US04013104202","Census Tract 1042.02; Maricopa County; Arizona","91280","17383",
"1400000US04013104203","Census Tract 1042.03; Maricopa County; Arizona","87266","15780",
"1400000US04013104204","Census Tract 1042.04; Maricopa County; Arizona","74410","18577",
"1400000US04013104205","Census Tract 1042.05; Maricopa County; Arizona","45096","18691",
"1400000US04013104206","Census Tract 1042.06; Maricopa County; Arizona","72299","7788",
"1400000US04013104207","Census Tract 1042.07; Maricopa County; Arizona","75545","17219",
"1400000US04013104212","Census Tract 1042.12; Maricopa County; Arizona","73221","16187",
"1400000US04013104214","Census Tract 1042.14; Maricopa County; Arizona","67092","7421",
"1400000US04013104215","Census Tract 1042.15; Maricopa County; Arizona","76202","12229",
"1400000US04013104216","Census Tract 1042.16; Maricopa County; Arizona","76146","12575",
"1400000US04013104217","Census Tract 1042.17; Maricopa County; Arizona","58963","13560",
"1400000US04013104218","Census Tract 1042.18; Maricopa County; Arizona","77552","15924",
"1400000US04013104219","Census Tract 1042.19; Maricopa County; Arizona","67264","18544",
"1400000US04013104221","Census Tract 1042.21; Maricopa County; Arizona","87903","9121",
"1400000US04013104222","Census Tract 1042.22; Maricopa County; Arizona","84341","17967",
"1400000US04013104223","Census Tract 1042.23; Maricopa County; Arizona","155461","20817",
"1400000US04013104224","Census Tract 1042.24; Maricopa County; Arizona","74712","15229",
"1400000US04013104225","Census Tract 1042.25; Maricopa County; Arizona","92632","19058",
"1400000US04013104226","Census Tract 1042.26; Maricopa County; Arizona","61614","18977",
"1400000US04013104227","Census Tract 1042.27; Maricopa County; Arizona","61304","30899",
"1400000US04013104301","Census Tract 1043.01; Maricopa County; Arizona","62235","18221",
"1400000US04013104302","Census Tract 1043.02; Maricopa County; Arizona","39844","13233",
"1400000US04013104401","Census Tract 1044.01; Maricopa County; Arizona","35938","7424",
"1400000US04013104402","Census Tract 1044.02; Maricopa County; Arizona","57972","15589",
"1400000US04013104501","Census Tract 1045.01; Maricopa County; Arizona","42325","4700",
"1400000US04013104502","Census Tract 1045.02; Maricopa County; Arizona","55000","20051",
"1400000US04013104600","Census Tract 1046; Maricopa County; Arizona","53264","12544",
"1400000US04013104701","Census Tract 1047.01; Maricopa County; Arizona","65783","14655",
"1400000US04013104702","Census Tract 1047.02; Maricopa County; Arizona","40431","6664",
"1400000US04013104801","Census Tract 1048.01; Maricopa County; Arizona","126094","31209",
"1400000US04013104802","Census Tract 1048.02; Maricopa County; Arizona","69200","14806",
"1400000US04013104900","Census Tract 1049; Maricopa County; Arizona","100688","18620",
"1400000US04013105002","Census Tract 1050.02; Maricopa County; Arizona","202697","85914",
"1400000US04013105003","Census Tract 1050.03; Maricopa County; Arizona","250,000+","***",
"1400000US04013105004","Census Tract 1050.04; Maricopa County; Arizona","221310","77491",
"1400000US04013105101","Census Tract 1051.01; Maricopa County; Arizona","174844","23259",
"1400000US04013105102","Census Tract 1051.02; Maricopa County; Arizona","103979","8523",
"1400000US04013105103","Census Tract 1051.03; Maricopa County; Arizona","222000","57442",
"1400000US04013105200","Census Tract 1052; Maricopa County; Arizona","77754","15312",
"1400000US04013105300","Census Tract 1053; Maricopa County; Arizona","76096","22155",
"1400000US04013105400","Census Tract 1054; Maricopa County; Arizona","127750","55229",
"1400000US04013105501","Census Tract 1055.01; Maricopa County; Arizona","58015","10976",
"1400000US04013105502","Census Tract 1055.02; Maricopa County; Arizona","47691","6265",
"1400000US04013105503","Census Tract 1055.03; Maricopa County; Arizona","43731","4674",
"1400000US04013105601","Census Tract 1056.01; Maricopa County; Arizona","64375","24929",
"1400000US04013105602","Census Tract 1056.02; Maricopa County; Arizona","46625","8767",
"1400000US04013105701","Census Tract 1057.01; Maricopa County; Arizona","62807","9854",
"1400000US04013105702","Census Tract 1057.02; Maricopa County; Arizona","73036","14077",
"1400000US04013105800","Census Tract 1058; Maricopa County; Arizona","77337","15910",
"1400000US04013105900","Census Tract 1059; Maricopa County; Arizona","57037","17576",
"1400000US04013106001","Census Tract 1060.01; Maricopa County; Arizona","41813","10080",
"1400000US04013106002","Census Tract 1060.02; Maricopa County; Arizona","43974","3309",
"1400000US04013106003","Census Tract 1060.03; Maricopa County; Arizona","58393","14252",
"1400000US04013106100","Census Tract 1061; Maricopa County; Arizona","79858","8391",
"1400000US04013106200","Census Tract 1062; Maricopa County; Arizona","199475","18511",
"1400000US04013106300","Census Tract 1063; Maricopa County; Arizona","105571","16164",
"1400000US04013106400","Census Tract 1064; Maricopa County; Arizona","85438","20165",
"1400000US04013106501","Census Tract 1065.01; Maricopa County; Arizona","77071","11402",
"1400000US04013106502","Census Tract 1065.02; Maricopa County; Arizona","64111","9422",
"1400000US04013106600","Census Tract 1066; Maricopa County; Arizona","110811","31982",
"1400000US04013106701","Census Tract 1067.01; Maricopa County; Arizona","41858","7632",
"1400000US04013106702","Census Tract 1067.02; Maricopa County; Arizona","60787","21214",
"1400000US04013106703","Census Tract 1067.03; Maricopa County; Arizona","98125","21158",
"1400000US04013106801","Census Tract 1068.01; Maricopa County; Arizona","33402","3851",
"1400000US04013106802","Census Tract 1068.02; Maricopa County; Arizona","72763","26373",
"1400000US04013106900","Census Tract 1069; Maricopa County; Arizona","73250","24973",
"1400000US04013107001","Census Tract 1070.01; Maricopa County; Arizona","52412","21875",
"1400000US04013107002","Census Tract 1070.02; Maricopa County; Arizona","64704","18232",
"1400000US04013107101","Census Tract 1071.01; Maricopa County; Arizona","82533","14874",
"1400000US04013107102","Census Tract 1071.02; Maricopa County; Arizona","51851","11559",
"1400000US04013107201","Census Tract 1072.01; Maricopa County; Arizona","-","**",
"1400000US04013107202","Census Tract 1072.02; Maricopa County; Arizona","62230","11152",
"1400000US04013107300","Census Tract 1073; Maricopa County; Arizona","47986","17608",
"1400000US04013107401","Census Tract 1074.01; Maricopa County; Arizona","74625","38391",
"1400000US04013107402","Census Tract 1074.02; Maricopa County; Arizona","40676","15092",
"1400000US04013107403","Census Tract 1074.03; Maricopa County; Arizona","-","**",
"1400000US04013107404","Census Tract 1074.04; Maricopa County; Arizona","19556","7499",
"1400000US04013107500","Census Tract 1075; Maricopa County; Arizona","114719","23257",
"1400000US04013107601","Census Tract 1076.01; Maricopa County; Arizona","47763","14448",
"1400000US04013107602","Census Tract 1076.02; Maricopa County; Arizona","99265","19985",
"1400000US04013107700","Census Tract 1077; Maricopa County; Arizona","88684","20161",
"1400000US04013107800","Census Tract 1078; Maricopa County; Arizona","111576","28907",
"1400000US04013107900","Census Tract 1079; Maricopa County; Arizona","104671","16991",
"1400000US04013108000","Census Tract 1080; Maricopa County; Arizona","231667","68167",
"1400000US04013108100","Census Tract 1081; Maricopa County; Arizona","96601","52936",
"1400000US04013108200","Census Tract 1082; Maricopa County; Arizona","95781","32977",
"1400000US04013108301","Census Tract 1083.01; Maricopa County; Arizona","136020","31409",
"1400000US04013108302","Census Tract 1083.02; Maricopa County; Arizona","86151","21768",
"1400000US04013108400","Census Tract 1084; Maricopa County; Arizona","81000","17790",
"1400000US04013108501","Census Tract 1085.01; Maricopa County; Arizona","71085","6384",
"1400000US04013108502","Census Tract 1085.02; Maricopa County; Arizona","113205","8955",
"1400000US04013108601","Census Tract 1086.01; Maricopa County; Arizona","51164","23751",
"1400000US04013108602","Census Tract 1086.02; Maricopa County; Arizona","57021","11086",
"1400000US04013108802","Census Tract 1088.02; Maricopa County; Arizona","61667","15354",
"1400000US04013108901","Census Tract 1089.01; Maricopa County; Arizona","69167","29321",
"1400000US04013108902","Census Tract 1089.02; Maricopa County; Arizona","54429","4807",
"1400000US04013109001","Census Tract 1090.01; Maricopa County; Arizona","45662","14691",
"1400000US04013109002","Census Tract 1090.02; Maricopa County; Arizona","45288","11920",
"1400000US04013109003","Census Tract 1090.03; Maricopa County; Arizona","43228","9034",
"1400000US04013109101","Census Tract 1091.01; Maricopa County; Arizona","53781","14931",
"1400000US04013109102","Census Tract 1091.02; Maricopa County; Arizona","63322","19739",
"1400000US04013109200","Census Tract 1092; Maricopa County; Arizona","42045","5906",
"1400000US04013109300","Census Tract 1093; Maricopa County; Arizona","78276","7870",
"1400000US04013109401","Census Tract 1094.01; Maricopa County; Arizona","38190","7002",
"1400000US04013109402","Census Tract 1094.02; Maricopa County; Arizona","62044","20245",
"1400000US04013109500","Census Tract 1095; Maricopa County; Arizona","78182","23473",
"1400000US04013109601","Census Tract 1096.01; Maricopa County; Arizona","47621","5901",
"1400000US04013109602","Census Tract 1096.02; Maricopa County; Arizona","58079","13507",
"1400000US04013109603","Census Tract 1096.03; Maricopa County; Arizona","74615","10449",
"1400000US04013109604","Census Tract 1096.04; Maricopa County; Arizona","69766","18677",
"1400000US04013109702","Census Tract 1097.02; Maricopa County; Arizona","59067","10123",
"1400000US04013109703","Census Tract 1097.03; Maricopa County; Arizona","52042","5145",
"1400000US04013109704","Census Tract 1097.04; Maricopa County; Arizona","47381","10370",
"1400000US04013109705","Census Tract 1097.05; Maricopa County; Arizona","78618","10663",
"1400000US04013109706","Census Tract 1097.06; Maricopa County; Arizona","53404","19876",
"1400000US04013109707","Census Tract 1097.07; Maricopa County; Arizona","41687","3138",
"1400000US04013109801","Census Tract 1098.01; Maricopa County; Arizona","45938","19597",
"1400000US04013109802","Census Tract 1098.02; Maricopa County; Arizona","73447","13177",
"1400000US04013109900","Census Tract 1099; Maricopa County; Arizona","61016","17851",
"1400000US04013110001","Census Tract 1100.01; Maricopa County; Arizona","76426","13901",
"1400000US04013110002","Census Tract 1100.02; Maricopa County; Arizona","62385","24510",
"1400000US04013110100","Census Tract 1101; Maricopa County; Arizona","53750","4959",
"1400000US04013110400","Census Tract 1104; Maricopa County; Arizona","56723","19002",
"1400000US04013110501","Census Tract 1105.01; Maricopa County; Arizona","51977","4779",
"1400000US04013110502","Census Tract 1105.02; Maricopa County; Arizona","67303","15335",
"1400000US04013110600","Census Tract 1106; Maricopa County; Arizona","66228","11344",
"1400000US04013110701","Census Tract 1107.01; Maricopa County; Arizona","59111","3886",
"1400000US04013110702","Census Tract 1107.02; Maricopa County; Arizona","63611","17130",
"1400000US04013110801","Census Tract 1108.01; Maricopa County; Arizona","61339","14015",
"1400000US04013110802","Census Tract 1108.02; Maricopa County; Arizona","71827","21686",
"1400000US04013110901","Census Tract 1109.01; Maricopa County; Arizona","53794","11069",
"1400000US04013110902","Census Tract 1109.02; Maricopa County; Arizona","74864","4509",
"1400000US04013111000","Census Tract 1110; Maricopa County; Arizona","100575","23773",
"1400000US04013111100","Census Tract 1111; Maricopa County; Arizona","113217","25592",
"1400000US04013111201","Census Tract 1112.01; Maricopa County; Arizona","50215","6462",
"1400000US04013111202","Census Tract 1112.02; Maricopa County; Arizona","67744","8111",
"1400000US04013111203","Census Tract 1112.03; Maricopa County; Arizona","50532","9016",
"1400000US04013111204","Census Tract 1112.04; Maricopa County; Arizona","81553","8550",
"1400000US04013111300","Census Tract 1113; Maricopa County; Arizona","70976","7896",
"1400000US04013111401","Census Tract 1114.01; Maricopa County; Arizona","69970","9432",
"1400000US04013111402","Census Tract 1114.02; Maricopa County; Arizona","47619","27020",
"1400000US04013111501","Census Tract 1115.01; Maricopa County; Arizona","40682","23917",
"1400000US04013111502","Census Tract 1115.02; Maricopa County; Arizona","52227","7195",
"1400000US04013111601","Census Tract 1116.01; Maricopa County; Arizona","65600","9281",
"1400000US04013111602","Census Tract 1116.02; Maricopa County; Arizona","54125","8653",
"1400000US04013111700","Census Tract 1117; Maricopa County; Arizona","88542","11410",
"1400000US04013111800","Census Tract 1118; Maricopa County; Arizona","89224","18567",
"1400000US04013111900","Census Tract 1119; Maricopa County; Arizona","122155","30773",
"1400000US04013112100","Census Tract 1121; Maricopa County; Arizona","54792","14724",
"1400000US04013112201","Census Tract 1122.01; Maricopa County; Arizona","55677","11378",
"1400000US04013112202","Census Tract 1122.02; Maricopa County; Arizona","32303","10989",
"1400000US04013112301","Census Tract 1123.01; Maricopa County; Arizona","46167","22063",
"1400000US04013112302","Census Tract 1123.02; Maricopa County; Arizona","52500","9055",
"1400000US04013112401","Census Tract 1124.01; Maricopa County; Arizona","53384","3084",
"1400000US04013112402","Census Tract 1124.02; Maricopa County; Arizona","77500","11779",
"1400000US04013112502","Census Tract 1125.02; Maricopa County; Arizona","69413","12492",
"1400000US04013112504","Census Tract 1125.04; Maricopa County; Arizona","57869","16584",
"1400000US04013112507","Census Tract 1125.07; Maricopa County; Arizona","39929","9602",
"1400000US04013112508","Census Tract 1125.08; Maricopa County; Arizona","61778","16989",
"1400000US04013112510","Census Tract 1125.10; Maricopa County; Arizona","89073","12061",
"1400000US04013112512","Census Tract 1125.12; Maricopa County; Arizona","55750","37852",
"1400000US04013112514","Census Tract 1125.14; Maricopa County; Arizona","86343","8703",
"1400000US04013112515","Census Tract 1125.15; Maricopa County; Arizona","64223","19352",
"1400000US04013112516","Census Tract 1125.16; Maricopa County; Arizona","59968","10562",
"1400000US04013112517","Census Tract 1125.17; Maricopa County; Arizona","86146","17250",
"1400000US04013112518","Census Tract 1125.18; Maricopa County; Arizona","106157","14317",
"1400000US04013112519","Census Tract 1125.19; Maricopa County; Arizona","45135","6067",
"1400000US04013112520","Census Tract 1125.20; Maricopa County; Arizona","75697","24087",
"1400000US04013112521","Census Tract 1125.21; Maricopa County; Arizona","37660","12532",
"1400000US04013112522","Census Tract 1125.22; Maricopa County; Arizona","60967","13667",
"1400000US04013112523","Census Tract 1125.23; Maricopa County; Arizona","53808","15889",
"1400000US04013112524","Census Tract 1125.24; Maricopa County; Arizona","43907","8962",
"1400000US04013112601","Census Tract 1126.01; Maricopa County; Arizona","29353","7478",
"1400000US04013112602","Census Tract 1126.02; Maricopa County; Arizona","43482","13137",
"1400000US04013112700","Census Tract 1127; Maricopa County; Arizona","51463","2762",
"1400000US04013112900","Census Tract 1129; Maricopa County; Arizona","52045","16817",
"1400000US04013113000","Census Tract 1130; Maricopa County; Arizona","67727","23308",
"1400000US04013113100","Census Tract 1131; Maricopa County; Arizona","33438","15914",
"1400000US04013113201","Census Tract 1132.01; Maricopa County; Arizona","58714","17614",
"1400000US04013113202","Census Tract 1132.02; Maricopa County; Arizona","45580","12635",
"1400000US04013113204","Census Tract 1132.04; Maricopa County; Arizona","50893","18489",
"1400000US04013113301","Census Tract 1133.01; Maricopa County; Arizona","23908","5827",
"1400000US04013113502","Census Tract 1135.02; Maricopa County; Arizona","46100","3221",
"1400000US04013113503","Census Tract 1135.03; Maricopa County; Arizona","54741","9151",
"1400000US04013113601","Census Tract 1136.01; Maricopa County; Arizona","52813","16935",
"1400000US04013113602","Census Tract 1136.02; Maricopa County; Arizona","40190","24944",
"1400000US04013113701","Census Tract 1137.01; Maricopa County; Arizona","48026","9111",
"1400000US04013113702","Census Tract 1137.02; Maricopa County; Arizona","68611","25828",
"1400000US04013113800","Census Tract 1138; Maricopa County; Arizona","69435","13081",
"1400000US04013113900","Census Tract 1139; Maricopa County; Arizona","22143","7889",
"1400000US04013114000","Census Tract 1140; Maricopa County; Arizona","37708","18629",
"1400000US04013114100","Census Tract 1141; Maricopa County; Arizona","70663","40079",
"1400000US04013114200","Census Tract 1142; Maricopa County; Arizona","28807","19032",
"1400000US04013114301","Census Tract 1143.01; Maricopa County; Arizona","34514","29938",
"1400000US04013114302","Census Tract 1143.02; Maricopa County; Arizona","30194","3171",
"1400000US04013114401","Census Tract 1144.01; Maricopa County; Arizona","43824","9646",
"1400000US04013114402","Census Tract 1144.02; Maricopa County; Arizona","54881","12475",
"1400000US04013114500","Census Tract 1145; Maricopa County; Arizona","43701","10306",
"1400000US04013114600","Census Tract 1146; Maricopa County; Arizona","37009","16895",
"1400000US04013114704","Census Tract 1147.04; Maricopa County; Arizona","27450","8224",
"1400000US04013114705","Census Tract 1147.05; Maricopa County; Arizona","-","**",
"1400000US04013114800","Census Tract 1148; Maricopa County; Arizona","53563","22930",
"1400000US04013114900","Census Tract 1149; Maricopa County; Arizona","33875","19850",
"1400000US04013115200","Census Tract 1152; Maricopa County; Arizona","63151","7818",
"1400000US04013115300","Census Tract 1153; Maricopa County; Arizona","35153","11309",
"1400000US04013115400","Census Tract 1154; Maricopa County; Arizona","47222","9758",
"1400000US04013115500","Census Tract 1155; Maricopa County; Arizona","43059","8084",
"1400000US04013115600","Census Tract 1156; Maricopa County; Arizona","57824","13311",
"1400000US04013115700","Census Tract 1157; Maricopa County; Arizona","75864","9674",
"1400000US04013115801","Census Tract 1158.01; Maricopa County; Arizona","40071","7939",
"1400000US04013115802","Census Tract 1158.02; Maricopa County; Arizona","67717","32842",
"1400000US04013115900","Census Tract 1159; Maricopa County; Arizona","58213","4711",
"1400000US04013116000","Census Tract 1160; Maricopa County; Arizona","58482","6009",
"1400000US04013116100","Census Tract 1161; Maricopa County; Arizona","44718","11711",
"1400000US04013116202","Census Tract 1162.02; Maricopa County; Arizona","85026","13122",
"1400000US04013116203","Census Tract 1162.03; Maricopa County; Arizona","76611","21495",
"1400000US04013116204","Census Tract 1162.04; Maricopa County; Arizona","57963","13421",
"1400000US04013116205","Census Tract 1162.05; Maricopa County; Arizona","57769","5962",
"1400000US04013116300","Census Tract 1163; Maricopa County; Arizona","61087","16391",
"1400000US04013116400","Census Tract 1164; Maricopa County; Arizona","78150","11682",
"1400000US04013116500","Census Tract 1165; Maricopa County; Arizona","56833","30392",
"1400000US04013116605","Census Tract 1166.05; Maricopa County; Arizona","96071","13039",
"1400000US04013116606","Census Tract 1166.06; Maricopa County; Arizona","66410","15422",
"1400000US04013116607","Census Tract 1166.07; Maricopa County; Arizona","87202","15931",
"1400000US04013116610","Census Tract 1166.10; Maricopa County; Arizona","111040","10881",
"1400000US04013116611","Census Tract 1166.11; Maricopa County; Arizona","118158","35768",
"1400000US04013116612","Census Tract 1166.12; Maricopa County; Arizona","99116","15951",
"1400000US04013116614","Census Tract 1166.14; Maricopa County; Arizona","57004","11912",
"1400000US04013116615","Census Tract 1166.15; Maricopa County; Arizona","46667","7748",
"1400000US04013116616","Census Tract 1166.16; Maricopa County; Arizona","92450","33522",
"1400000US04013116617","Census Tract 1166.17; Maricopa County; Arizona","71310","49418",
"1400000US04013116618","Census Tract 1166.18; Maricopa County; Arizona","95792","11721",
"1400000US04013116619","Census Tract 1166.19; Maricopa County; Arizona","117379","13265",
"1400000US04013116620","Census Tract 1166.20; Maricopa County; Arizona","87219","13075",
"1400000US04013116621","Census Tract 1166.21; Maricopa County; Arizona","116279","26562",
"1400000US04013116703","Census Tract 1167.03; Maricopa County; Arizona","109464","16701",
"1400000US04013116707","Census Tract 1167.07; Maricopa County; Arizona","104358","4706",
"1400000US04013116708","Census Tract 1167.08; Maricopa County; Arizona","86763","14312",
"1400000US04013116709","Census Tract 1167.09; Maricopa County; Arizona","63328","14039",
"1400000US04013116710","Census Tract 1167.10; Maricopa County; Arizona","121875","36036",
"1400000US04013116711","Census Tract 1167.11; Maricopa County; Arizona","81375","24344",
"1400000US04013116712","Census Tract 1167.12; Maricopa County; Arizona","78406","8278",
"1400000US04013116713","Census Tract 1167.13; Maricopa County; Arizona","128897","26720",
"1400000US04013116714","Census Tract 1167.14; Maricopa County; Arizona","105735","28155",
"1400000US04013116715","Census Tract 1167.15; Maricopa County; Arizona","104107","19161",
"1400000US04013116717","Census Tract 1167.17; Maricopa County; Arizona","59920","8356",
"1400000US04013116718","Census Tract 1167.18; Maricopa County; Arizona","71731","6926",
"1400000US04013116719","Census Tract 1167.19; Maricopa County; Arizona","114850","11992",
"1400000US04013116720","Census Tract 1167.20; Maricopa County; Arizona","90400","9482",
"1400000US04013116721","Census Tract 1167.21; Maricopa County; Arizona","108333","23608",
"1400000US04013116725","Census Tract 1167.25; Maricopa County; Arizona","109643","26343",
"1400000US04013116727","Census Tract 1167.27; Maricopa County; Arizona","149676","29430",
"1400000US04013116728","Census Tract 1167.28; Maricopa County; Arizona","182839","25092",
"1400000US04013116729","Census Tract 1167.29; Maricopa County; Arizona","158553","24591",
"1400000US04013116730","Census Tract 1167.30; Maricopa County; Arizona","136250","15145",
"1400000US04013116731","Census Tract 1167.31; Maricopa County; Arizona","153808","9617",
"1400000US04013116732","Census Tract 1167.32; Maricopa County; Arizona","73750","22560",
"1400000US04013116733","Census Tract 1167.33; Maricopa County; Arizona","-","**",
"1400000US04013116734","Census Tract 1167.34; Maricopa County; Arizona","99150","29369",
"1400000US04013116735","Census Tract 1167.35; Maricopa County; Arizona","53443","14607",
"1400000US04013116736","Census Tract 1167.36; Maricopa County; Arizona","50139","23953",
"1400000US04013116737","Census Tract 1167.37; Maricopa County; Arizona","118929","26754",
"1400000US04013116738","Census Tract 1167.38; Maricopa County; Arizona","95345","25759",
"1400000US04013116800","Census Tract 1168; Maricopa County; Arizona","50744","15678",
"1400000US04013116900","Census Tract 1169; Maricopa County; Arizona","48456","13758",
"1400000US04013117000","Census Tract 1170; Maricopa County; Arizona","38849","15106",
"1400000US04013117100","Census Tract 1171; Maricopa County; Arizona","73533","10501",
"1400000US04013117200","Census Tract 1172; Maricopa County; Arizona","48654","14213",
"1400000US04013117300","Census Tract 1173; Maricopa County; Arizona","26250","13476",
"1400000US04013216806","Census Tract 2168.06; Maricopa County; Arizona","103226","30256",
"1400000US04013216807","Census Tract 2168.07; Maricopa County; Arizona","162520","44664",
"1400000US04013216809","Census Tract 2168.09; Maricopa County; Arizona","155833","36519",
"1400000US04013216810","Census Tract 2168.10; Maricopa County; Arizona","69922","15164",
"1400000US04013216813","Census Tract 2168.13; Maricopa County; Arizona","109917","34990",
"1400000US04013216816","Census Tract 2168.16; Maricopa County; Arizona","140582","12657",
"1400000US04013216819","Census Tract 2168.19; Maricopa County; Arizona","111647","6137",
"1400000US04013216820","Census Tract 2168.20; Maricopa County; Arizona","82255","27195",
"1400000US04013216821","Census Tract 2168.21; Maricopa County; Arizona","115050","23712",
"1400000US04013216822","Census Tract 2168.22; Maricopa County; Arizona","150821","4615",
"1400000US04013216826","Census Tract 2168.26; Maricopa County; Arizona","88914","11496",
"1400000US04013216829","Census Tract 2168.29; Maricopa County; Arizona","171964","37004",
"1400000US04013216830","Census Tract 2168.30; Maricopa County; Arizona","57134","11119",
"1400000US04013216831","Census Tract 2168.31; Maricopa County; Arizona","119813","28951",
"1400000US04013216832","Census Tract 2168.32; Maricopa County; Arizona","93891","13879",
"1400000US04013216833","Census Tract 2168.33; Maricopa County; Arizona","82072","25786",
"1400000US04013216834","Census Tract 2168.34; Maricopa County; Arizona","117961","57253",
"1400000US04013216835","Census Tract 2168.35; Maricopa County; Arizona","88977","11357",
"1400000US04013216836","Census Tract 2168.36; Maricopa County; Arizona","116378","5128",
"1400000US04013216837","Census Tract 2168.37; Maricopa County; Arizona","74116","14187",
"1400000US04013216838","Census Tract 2168.38; Maricopa County; Arizona","150583","21526",
"1400000US04013216839","Census Tract 2168.39; Maricopa County; Arizona","148214","22741",
"1400000US04013216840","Census Tract 2168.40; Maricopa County; Arizona","127837","33223",
"1400000US04013216841","Census Tract 2168.41; Maricopa County; Arizona","121170","17004",
"1400000US04013216842","Census Tract 2168.42; Maricopa County; Arizona","166111","31990",
"1400000US04013216843","Census Tract 2168.43; Maricopa County; Arizona","143950","28870",
"1400000US04013216844","Census Tract 2168.44; Maricopa County; Arizona","99414","18695",
"1400000US04013216845","Census Tract 2168.45; Maricopa County; Arizona","79364","11120",
"1400000US04013216849","Census Tract 2168.49; Maricopa County; Arizona","208281","34027",
"1400000US04013216850","Census Tract 2168.50; Maricopa County; Arizona","85227","17662",
"1400000US04013216851","Census Tract 2168.51; Maricopa County; Arizona","197692","30283",
"1400000US04013216852","Census Tract 2168.52; Maricopa County; Arizona","75694","12661",
"1400000US04013216853","Census Tract 2168.53; Maricopa County; Arizona","94868","20876",
"1400000US04013216854","Census Tract 2168.54; Maricopa County; Arizona","197995","41847",
"1400000US04013216855","Census Tract 2168.55; Maricopa County; Arizona","168906","35873",
"1400000US04013216856","Census Tract 2168.56; Maricopa County; Arizona","113013","29840",
"1400000US04013216857","Census Tract 2168.57; Maricopa County; Arizona","82306","9068",
"1400000US04013216858","Census Tract 2168.58; Maricopa County; Arizona","-","**",
"1400000US04013216859","Census Tract 2168.59; Maricopa County; Arizona","185000","61019",
"1400000US04013216860","Census Tract 2168.60; Maricopa County; Arizona","69750","27359",
"1400000US04013216861","Census Tract 2168.61; Maricopa County; Arizona","142368","51505",
"1400000US04013216901","Census Tract 2169.01; Maricopa County; Arizona","94020","10808",
"1400000US04013216902","Census Tract 2169.02; Maricopa County; Arizona","108342","14020",
"1400000US04013217001","Census Tract 2170.01; Maricopa County; Arizona","87589","27406",
"1400000US04013217002","Census Tract 2170.02; Maricopa County; Arizona","86767","12274",
"1400000US04013217101","Census Tract 2171.01; Maricopa County; Arizona","83106","21645",
"1400000US04013217102","Census Tract 2171.02; Maricopa County; Arizona","120408","27579",
"1400000US04013217201","Census Tract 2172.01; Maricopa County; Arizona","93674","8387",
"1400000US04013217203","Census Tract 2172.03; Maricopa County; Arizona","72898","15566",
"1400000US04013217204","Census Tract 2172.04; Maricopa County; Arizona","59281","7461",
"1400000US04013217300","Census Tract 2173; Maricopa County; Arizona","125417","35845",
"1400000US04013217400","Census Tract 2174; Maricopa County; Arizona","77671","11348",
"1400000US04013217501","Census Tract 2175.01; Maricopa County; Arizona","48898","12004",
"1400000US04013217502","Census Tract 2175.02; Maricopa County; Arizona","85235","12566",
"1400000US04013217600","Census Tract 2176; Maricopa County; Arizona","80930","14113",
"1400000US04013217700","Census Tract 2177; Maricopa County; Arizona","95811","19397",
"1400000US04013217800","Census Tract 2178; Maricopa County; Arizona","77167","18709",
"1400000US04013217900","Census Tract 2179; Maricopa County; Arizona","109338","31099",
"1400000US04013218000","Census Tract 2180; Maricopa County; Arizona","100906","23752",
"1400000US04013218100","Census Tract 2181; Maricopa County; Arizona","96250","38926",
"1400000US04013218200","Census Tract 2182; Maricopa County; Arizona","111563","11782",
"1400000US04013218300","Census Tract 2183; Maricopa County; Arizona","67511","19944",
"1400000US04013318400","Census Tract 3184; Maricopa County; Arizona","68844","14831",
"1400000US04013318501","Census Tract 3185.01; Maricopa County; Arizona","68482","18310",
"1400000US04013318700","Census Tract 3187; Maricopa County; Arizona","61375","21313",
"1400000US04013318800","Census Tract 3188; Maricopa County; Arizona","51810","8612",
"1400000US04013318900","Census Tract 3189; Maricopa County; Arizona","59075","13955",
"1400000US04013319001","Census Tract 3190.01; Maricopa County; Arizona","-","**",
"1400000US04013319002","Census Tract 3190.02; Maricopa County; Arizona","64318","16978",
"1400000US04013319101","Census Tract 3191.01; Maricopa County; Arizona","23646","5423",
"1400000US04013319103","Census Tract 3191.03; Maricopa County; Arizona","54260","8862",
"1400000US04013319104","Census Tract 3191.04; Maricopa County; Arizona","59555","11991",
"1400000US04013319201","Census Tract 3192.01; Maricopa County; Arizona","46497","9358",
"1400000US04013319202","Census Tract 3192.02; Maricopa County; Arizona","41597","6642",
"1400000US04013319300","Census Tract 3193; Maricopa County; Arizona","47841","12254",
"1400000US04013319401","Census Tract 3194.01; Maricopa County; Arizona","69313","26589",
"1400000US04013319402","Census Tract 3194.02; Maricopa County; Arizona","85890","4707",
"1400000US04013319403","Census Tract 3194.03; Maricopa County; Arizona","83309","13857",
"1400000US04013319404","Census Tract 3194.04; Maricopa County; Arizona","92885","16338",
"1400000US04013319500","Census Tract 3195; Maricopa County; Arizona","95253","18927",
"1400000US04013319600","Census Tract 3196; Maricopa County; Arizona","76670","14992",
"1400000US04013319705","Census Tract 3197.05; Maricopa County; Arizona","71618","25706",
"1400000US04013319706","Census Tract 3197.06; Maricopa County; Arizona","67095","10439",
"1400000US04013319707","Census Tract 3197.07; Maricopa County; Arizona","-","**",
"1400000US04013319708","Census Tract 3197.08; Maricopa County; Arizona","67591","12929",
"1400000US04013319709","Census Tract 3197.09; Maricopa County; Arizona","-","**",
"1400000US04013319710","Census Tract 3197.10; Maricopa County; Arizona","76098","13703",
"1400000US04013319801","Census Tract 3198.01; Maricopa County; Arizona","64063","22344",
"1400000US04013319802","Census Tract 3198.02; Maricopa County; Arizona","58223","5205",
"1400000US04013319902","Census Tract 3199.02; Maricopa County; Arizona","63544","9963",
"1400000US04013319903","Census Tract 3199.03; Maricopa County; Arizona","84710","18889",
"1400000US04013319904","Census Tract 3199.04; Maricopa County; Arizona","120370","16569",
"1400000US04013319905","Census Tract 3199.05; Maricopa County; Arizona","95893","20972",
"1400000US04013319906","Census Tract 3199.06; Maricopa County; Arizona","139665","21264",
"1400000US04013319907","Census Tract 3199.07; Maricopa County; Arizona","156558","9834",
"1400000US04013319908","Census Tract 3199.08; Maricopa County; Arizona","83889","16021",
"1400000US04013319909","Census Tract 3199.09; Maricopa County; Arizona","140896","7625",
"1400000US04013319910","Census Tract 3199.10; Maricopa County; Arizona","132318","26416",
"1400000US04013320001","Census Tract 3200.01; Maricopa County; Arizona","68121","6970",
"1400000US04013320002","Census Tract 3200.02; Maricopa County; Arizona","56423","12409",
"1400000US04013320007","Census Tract 3200.07; Maricopa County; Arizona","66528","6072",
"1400000US04013320100","Census Tract 3201; Maricopa County; Arizona","81481","17345",
"1400000US04013420104","Census Tract 4201.04; Maricopa County; Arizona","72372","12922",
"1400000US04013420105","Census Tract 4201.05; Maricopa County; Arizona","106774","16198",
"1400000US04013420107","Census Tract 4201.07; Maricopa County; Arizona","134989","10034",
"1400000US04013420108","Census Tract 4201.08; Maricopa County; Arizona","167188","74374",
"1400000US04013420109","Census Tract 4201.09; Maricopa County; Arizona","107829","37623",
"1400000US04013420110","Census Tract 4201.10; Maricopa County; Arizona","132917","16499",
"1400000US04013420111","Census Tract 4201.11; Maricopa County; Arizona","79632","16735",
"1400000US04013420112","Census Tract 4201.12; Maricopa County; Arizona","103611","23303",
"1400000US04013420113","Census Tract 4201.13; Maricopa County; Arizona","54597","10344",
"1400000US04013420114","Census Tract 4201.14; Maricopa County; Arizona","84694","20903",
"1400000US04013420115","Census Tract 4201.15; Maricopa County; Arizona","54787","11143",
"1400000US04013420116","Census Tract 4201.16; Maricopa County; Arizona","40887","9913",
"1400000US04013420202","Census Tract 4202.02; Maricopa County; Arizona","64909","8016",
"1400000US04013420206","Census Tract 4202.06; Maricopa County; Arizona","52827","7994",
"1400000US04013420207","Census Tract 4202.07; Maricopa County; Arizona","125417","72040",
"1400000US04013420208","Census Tract 4202.08; Maricopa County; Arizona","95570","10849",
"1400000US04013420209","Census Tract 4202.09; Maricopa County; Arizona","63705","5511",
"1400000US04013420210","Census Tract 4202.10; Maricopa County; Arizona","91174","16800",
"1400000US04013420211","Census Tract 4202.11; Maricopa County; Arizona","109120","11786",
"1400000US04013420212","Census Tract 4202.12; Maricopa County; Arizona","92661","25284",
"1400000US04013420213","Census Tract 4202.13; Maricopa County; Arizona","53063","5895",
"1400000US04013420214","Census Tract 4202.14; Maricopa County; Arizona","57388","9958",
"1400000US04013420215","Census Tract 4202.15; Maricopa County; Arizona","117500","14981",
"1400000US04013420216","Census Tract 4202.16; Maricopa County; Arizona","82717","9551",
"1400000US04013420301","Census Tract 4203.01; Maricopa County; Arizona","142000","28524",
"1400000US04013420302","Census Tract 4203.02; Maricopa County; Arizona","142171","34009",
"1400000US04013420303","Census Tract 4203.03; Maricopa County; Arizona","103281","14786",
"1400000US04013420304","Census Tract 4203.04; Maricopa County; Arizona","188125","45003",
"1400000US04013420401","Census Tract 4204.01; Maricopa County; Arizona","56620","13037",
"1400000US04013420402","Census Tract 4204.02; Maricopa County; Arizona","146333","23844",
"1400000US04013420503","Census Tract 4205.03; Maricopa County; Arizona","60549","17431",
"1400000US04013420504","Census Tract 4205.04; Maricopa County; Arizona","78800","6560",
"1400000US04013420505","Census Tract 4205.05; Maricopa County; Arizona","85609","17157",
"1400000US04013420506","Census Tract 4205.06; Maricopa County; Arizona","51966","3307",
"1400000US04013420602","Census Tract 4206.02; Maricopa County; Arizona","101375","23721",
"1400000US04013420603","Census Tract 4206.03; Maricopa County; Arizona","101397","20062",
"1400000US04013420604","Census Tract 4206.04; Maricopa County; Arizona","98851","12887",
"1400000US04013420704","Census Tract 4207.04; Maricopa County; Arizona","90000","16381",
"1400000US04013420705","Census Tract 4207.05; Maricopa County; Arizona","165750","41997",
"1400000US04013420706","Census Tract 4207.06; Maricopa County; Arizona","109276","30795",
"1400000US04013420707","Census Tract 4207.07; Maricopa County; Arizona","55000","9664",
"1400000US04013420708","Census Tract 4207.08; Maricopa County; Arizona","44545","4797",
"1400000US04013420709","Census Tract 4207.09; Maricopa County; Arizona","42537","4866",
"1400000US04013420710","Census Tract 4207.10; Maricopa County; Arizona","48044","11117",
"1400000US04013420800","Census Tract 4208; Maricopa County; Arizona","100588","23345",
"1400000US04013420901","Census Tract 4209.01; Maricopa County; Arizona","71090","11534",
"1400000US04013420902","Census Tract 4209.02; Maricopa County; Arizona","61313","26005",
"1400000US04013421001","Census Tract 4210.01; Maricopa County; Arizona","40152","7354",
"1400000US04013421002","Census Tract 4210.02; Maricopa County; Arizona","48822","12130",
"1400000US04013421101","Census Tract 4211.01; Maricopa County; Arizona","72059","5612",
"1400000US04013421102","Census Tract 4211.02; Maricopa County; Arizona","64659","6851",
"1400000US04013421201","Census Tract 4212.01; Maricopa County; Arizona","68474","16613",
"1400000US04013421202","Census Tract 4212.02; Maricopa County; Arizona","70288","22453",
"1400000US04013421302","Census Tract 4213.02; Maricopa County; Arizona","53192","12004",
"1400000US04013421303","Census Tract 4213.03; Maricopa County; Arizona","62828","7910",
"1400000US04013421304","Census Tract 4213.04; Maricopa County; Arizona","48548","12172",
"1400000US04013421400","Census Tract 4214; Maricopa County; Arizona","41371","3303",
"1400000US04013421501","Census Tract 4215.01; Maricopa County; Arizona","44000","9283",
"1400000US04013421502","Census Tract 4215.02; Maricopa County; Arizona","48141","10375",
"1400000US04013421601","Census Tract 4216.01; Maricopa County; Arizona","55721","12986",
"1400000US04013421602","Census Tract 4216.02; Maricopa County; Arizona","45671","14147",
"1400000US04013421701","Census Tract 4217.01; Maricopa County; Arizona","54625","12107",
"1400000US04013421702","Census Tract 4217.02; Maricopa County; Arizona","40847","5433",
"1400000US04013421801","Census Tract 4218.01; Maricopa County; Arizona","77200","19594",
"1400000US04013421802","Census Tract 4218.02; Maricopa County; Arizona","59473","10599",
"1400000US04013421901","Census Tract 4219.01; Maricopa County; Arizona","81002","7089",
"1400000US04013421902","Census Tract 4219.02; Maricopa County; Arizona","37333","14870",
"1400000US04013422001","Census Tract 4220.01; Maricopa County; Arizona","47284","7323",
"1400000US04013422002","Census Tract 4220.02; Maricopa County; Arizona","50573","7970",
"1400000US04013422102","Census Tract 4221.02; Maricopa County; Arizona","42165","7786",
"1400000US04013422103","Census Tract 4221.03; Maricopa County; Arizona","49655","6667",
"1400000US04013422104","Census Tract 4221.04; Maricopa County; Arizona","43839","4472",
"1400000US04013422105","Census Tract 4221.05; Maricopa County; Arizona","71188","12949",
"1400000US04013422106","Census Tract 4221.06; Maricopa County; Arizona","46759","5049",
"1400000US04013422107","Census Tract 4221.07; Maricopa County; Arizona","55938","8859",
"1400000US04013422203","Census Tract 4222.03; Maricopa County; Arizona","49503","10646",
"1400000US04013422209","Census Tract 4222.09; Maricopa County; Arizona","77000","14957",
"1400000US04013422210","Census Tract 4222.10; Maricopa County; Arizona","109144","18130",
"1400000US04013422211","Census Tract 4222.11; Maricopa County; Arizona","87198","36277",
"1400000US04013422212","Census Tract 4222.12; Maricopa County; Arizona","91389","24244",
"1400000US04013422213","Census Tract 4222.13; Maricopa County; Arizona","97296","13135",
"1400000US04013422215","Census Tract 4222.15; Maricopa County; Arizona","81667","15293",
"1400000US04013422216","Census Tract 4222.16; Maricopa County; Arizona","100213","24118",
"1400000US04013422217","Census Tract 4222.17; Maricopa County; Arizona","92286","16919",
"1400000US04013422218","Census Tract 4222.18; Maricopa County; Arizona","68153","5051",
"1400000US04013422219","Census Tract 4222.19; Maricopa County; Arizona","87411","15513",
"1400000US04013422220","Census Tract 4222.20; Maricopa County; Arizona","110139","22885",
"1400000US04013422221","Census Tract 4222.21; Maricopa County; Arizona","65571","8759",
"1400000US04013422222","Census Tract 4222.22; Maricopa County; Arizona","105500","18286",
"1400000US04013422223","Census Tract 4222.23; Maricopa County; Arizona","74500","21653",
"1400000US04013422224","Census Tract 4222.24; Maricopa County; Arizona","-","**",
"1400000US04013422225","Census Tract 4222.25; Maricopa County; Arizona","-","**",
"1400000US04013422226","Census Tract 4222.26; Maricopa County; Arizona","-","**",
"1400000US04013422227","Census Tract 4222.27; Maricopa County; Arizona","74844","23248",
"1400000US04013422301","Census Tract 4223.01; Maricopa County; Arizona","63872","6927",
"1400000US04013422302","Census Tract 4223.02; Maricopa County; Arizona","66091","15273",
"1400000US04013422304","Census Tract 4223.04; Maricopa County; Arizona","82755","13411",
"1400000US04013422305","Census Tract 4223.05; Maricopa County; Arizona","94280","19063",
"1400000US04013422307","Census Tract 4223.07; Maricopa County; Arizona","77074","9482",
"1400000US04013422308","Census Tract 4223.08; Maricopa County; Arizona","84835","15826",
"1400000US04013422309","Census Tract 4223.09; Maricopa County; Arizona","98500","28794",
"1400000US04013422401","Census Tract 4224.01; Maricopa County; Arizona","87679","11923",
"1400000US04013422402","Census Tract 4224.02; Maricopa County; Arizona","74974","17819",
"1400000US04013422403","Census Tract 4224.03; Maricopa County; Arizona","100000","19518",
"1400000US04013422404","Census Tract 4224.04; Maricopa County; Arizona","111172","28346",
"1400000US04013422501","Census Tract 4225.01; Maricopa County; Arizona","81339","12389",
"1400000US04013422502","Census Tract 4225.02; Maricopa County; Arizona","66607","7611",
"1400000US04013422503","Census Tract 4225.03; Maricopa County; Arizona","87594","11689",
"1400000US04013422504","Census Tract 4225.04; Maricopa County; Arizona","82817","14255",
"1400000US04013422506","Census Tract 4225.06; Maricopa County; Arizona","89300","13221",
"1400000US04013422507","Census Tract 4225.07; Maricopa County; Arizona","123864","28137",
"1400000US04013422508","Census Tract 4225.08; Maricopa County; Arizona","100389","19510",
"1400000US04013422509","Census Tract 4225.09; Maricopa County; Arizona","87391","15979",
"1400000US04013422510","Census Tract 4225.10; Maricopa County; Arizona","116472","22928",
"1400000US04013422511","Census Tract 4225.11; Maricopa County; Arizona","130395","35890",
"1400000US04013422512","Census Tract 4225.12; Maricopa County; Arizona","108155","14564",
"1400000US04013422513","Census Tract 4225.13; Maricopa County; Arizona","86023","24939",
"1400000US04013422514","Census Tract 4225.14; Maricopa County; Arizona","78182","16575",
"1400000US04013422607","Census Tract 4226.07; Maricopa County; Arizona","50865","6006",
"1400000US04013422609","Census Tract 4226.09; Maricopa County; Arizona","67220","16224",
"1400000US04013422610","Census Tract 4226.10; Maricopa County; Arizona","56765","10480",
"1400000US04013422615","Census Tract 4226.15; Maricopa County; Arizona","97813","22146",
"1400000US04013422617","Census Tract 4226.17; Maricopa County; Arizona","106516","6597",
"1400000US04013422618","Census Tract 4226.18; Maricopa County; Arizona","55486","7178",
"1400000US04013422620","Census Tract 4226.20; Maricopa County; Arizona","158750","32701",
"1400000US04013422621","Census Tract 4226.21; Maricopa County; Arizona","129453","17306",
"1400000US04013422622","Census Tract 4226.22; Maricopa County; Arizona","118828","28425",
"1400000US04013422623","Census Tract 4226.23; Maricopa County; Arizona","106382","18734",
"1400000US04013422624","Census Tract 4226.24; Maricopa County; Arizona","52696","14614",
"1400000US04013422625","Census Tract 4226.25; Maricopa County; Arizona","44723","7400",
"1400000US04013422626","Census Tract 4226.26; Maricopa County; Arizona","52198","4893",
"1400000US04013422627","Census Tract 4226.27; Maricopa County; Arizona","46739","5453",
"1400000US04013422628","Census Tract 4226.28; Maricopa County; Arizona","33717","5125",
"1400000US04013422629","Census Tract 4226.29; Maricopa County; Arizona","74602","9918",
"1400000US04013422630","Census Tract 4226.30; Maricopa County; Arizona","47727","13619",
"1400000US04013422632","Census Tract 4226.32; Maricopa County; Arizona","63252","3986",
"1400000US04013422633","Census Tract 4226.33; Maricopa County; Arizona","54648","12489",
"1400000US04013422634","Census Tract 4226.34; Maricopa County; Arizona","54820","9508",
"1400000US04013422636","Census Tract 4226.36; Maricopa County; Arizona","80446","13557",
"1400000US04013422637","Census Tract 4226.37; Maricopa County; Arizona","85156","18626",
"1400000US04013422638","Census Tract 4226.38; Maricopa County; Arizona","68421","15108",
"1400000US04013422639","Census Tract 4226.39; Maricopa County; Arizona","86962","12825",
"1400000US04013422640","Census Tract 4226.40; Maricopa County; Arizona","71443","12578",
"1400000US04013422642","Census Tract 4226.42; Maricopa County; Arizona","94375","15662",
"1400000US04013422643","Census Tract 4226.43; Maricopa County; Arizona","112500","18289",
"1400000US04013422647","Census Tract 4226.47; Maricopa County; Arizona","143092","25963",
"1400000US04013422648","Census Tract 4226.48; Maricopa County; Arizona","136250","21220",
"1400000US04013422649","Census Tract 4226.49; Maricopa County; Arizona","121667","28374",
"1400000US04013422650","Census Tract 4226.50; Maricopa County; Arizona","87917","27490",
"1400000US04013422651","Census Tract 4226.51; Maricopa County; Arizona","142297","34906",
"1400000US04013422652","Census Tract 4226.52; Maricopa County; Arizona","68693","16835",
"1400000US04013422653","Census Tract 4226.53; Maricopa County; Arizona","71389","8434",
"1400000US04013422654","Census Tract 4226.54; Maricopa County; Arizona","129219","23634",
"1400000US04013422655","Census Tract 4226.55; Maricopa County; Arizona","86523","4660",
"1400000US04013422656","Census Tract 4226.56; Maricopa County; Arizona","182340","56651",
"1400000US04013422657","Census Tract 4226.57; Maricopa County; Arizona","125469","9812",
"1400000US04013422658","Census Tract 4226.58; Maricopa County; Arizona","140281","41586",
"1400000US04013422659","Census Tract 4226.59; Maricopa County; Arizona","71679","8195",
"1400000US04013422660","Census Tract 4226.60; Maricopa County; Arizona","78241","10922",
"1400000US04013522801","Census Tract 5228.01; Maricopa County; Arizona","-","**",
"1400000US04013522802","Census Tract 5228.02; Maricopa County; Arizona","41198","11156",
"1400000US04013522901","Census Tract 5229.01; Maricopa County; Arizona","92024","24758",
"1400000US04013522903","Census Tract 5229.03; Maricopa County; Arizona","42813","17080",
"1400000US04013522904","Census Tract 5229.04; Maricopa County; Arizona","70321","16970",
"1400000US04013523002","Census Tract 5230.02; Maricopa County; Arizona","68625","20307",
"1400000US04013523005","Census Tract 5230.05; Maricopa County; Arizona","92615","13063",
"1400000US04013523006","Census Tract 5230.06; Maricopa County; Arizona","77938","18067",
"1400000US04013523007","Census Tract 5230.07; Maricopa County; Arizona","72373","5216",
"1400000US04013523008","Census Tract 5230.08; Maricopa County; Arizona","65859","6579",
"1400000US04013523102","Census Tract 5231.02; Maricopa County; Arizona","71286","11379",
"1400000US04013523103","Census Tract 5231.03; Maricopa County; Arizona","62166","23068",
"1400000US04013523104","Census Tract 5231.04; Maricopa County; Arizona","63464","9069",
"1400000US04013610001","Census Tract 6100.01; Maricopa County; Arizona","91950","9030",
"1400000US04013610002","Census Tract 6100.02; Maricopa County; Arizona","129137","21842",
"1400000US04013610100","Census Tract 6101; Maricopa County; Arizona","98480","8579",
"1400000US04013610201","Census Tract 6102.01; Maricopa County; Arizona","111111","28529",
"1400000US04013610202","Census Tract 6102.02; Maricopa County; Arizona","130213","27360",
"1400000US04013610301","Census Tract 6103.01; Maricopa County; Arizona","110588","45621",
"1400000US04013610302","Census Tract 6103.02; Maricopa County; Arizona","112328","11628",
"1400000US04013610400","Census Tract 6104; Maricopa County; Arizona","106454","12816",
"1400000US04013610500","Census Tract 6105; Maricopa County; Arizona","135705","31244",
"1400000US04013610600","Census Tract 6106; Maricopa County; Arizona","104241","34350",
"1400000US04013610700","Census Tract 6107; Maricopa County; Arizona","109149","16835",
"1400000US04013610800","Census Tract 6108; Maricopa County; Arizona","138000","18969",
"1400000US04013610901","Census Tract 6109.01; Maricopa County; Arizona","108750","53948",
"1400000US04013610902","Census Tract 6109.02; Maricopa County; Arizona","135146","15608",
"1400000US04013610903","Census Tract 6109.03; Maricopa County; Arizona","161235","18876",
"1400000US04013611000","Census Tract 6110; Maricopa County; Arizona","143000","23532",
"1400000US04013611100","Census Tract 6111; Maricopa County; Arizona","159583","18785",
"1400000US04013611200","Census Tract 6112; Maricopa County; Arizona","159356","16360",
"1400000US04013611300","Census Tract 6113; Maricopa County; Arizona","115635","21388",
"1400000US04013611400","Census Tract 6114; Maricopa County; Arizona","149276","18971",
"1400000US04013611500","Census Tract 6115; Maricopa County; Arizona","158194","31730",
"1400000US04013611600","Census Tract 6116; Maricopa County; Arizona","167292","31981",
"1400000US04013611700","Census Tract 6117; Maricopa County; Arizona","117500","20508",
"1400000US04013611800","Census Tract 6118; Maricopa County; Arizona","104509","16678",
"1400000US04013611900","Census Tract 6119; Maricopa County; Arizona","122566","16931",
"1400000US04013612000","Census Tract 6120; Maricopa County; Arizona","138835","11441",
"1400000US04013612200","Census Tract 6122; Maricopa County; Arizona","110882","25181",
"1400000US04013612301","Census Tract 6123.01; Maricopa County; Arizona","83552","20697",
"1400000US04013612302","Census Tract 6123.02; Maricopa County; Arizona","137292","32790",
"1400000US04013612401","Census Tract 6124.01; Maricopa County; Arizona","127554","25643",
"1400000US04013612402","Census Tract 6124.02; Maricopa County; Arizona","127900","59837",
"1400000US04013612500","Census Tract 6125; Maricopa County; Arizona","127045","27745",
"1400000US04013612600","Census Tract 6126; Maricopa County; Arizona","103229","9071",
"1400000US04013612700","Census Tract 6127; Maricopa County; Arizona","116065","19808",
"1400000US04013612800","Census Tract 6128; Maricopa County; Arizona","115580","10736",
"1400000US04013612900","Census Tract 6129; Maricopa County; Arizona","133239","16774",
"1400000US04013613000","Census Tract 6130; Maricopa County; Arizona","176369","26737",
"1400000US04013613100","Census Tract 6131; Maricopa County; Arizona","113356","25561",
"1400000US04013613200","Census Tract 6132; Maricopa County; Arizona","114400","39903",
"1400000US04013613300","Census Tract 6133; Maricopa County; Arizona","134294","20525",
"1400000US04013613400","Census Tract 6134; Maricopa County; Arizona","82227","18524",
"1400000US04013613500","Census Tract 6135; Maricopa County; Arizona","100523","18046",
"1400000US04013613601","Census Tract 6136.01; Maricopa County; Arizona","104489","24446",
"1400000US04013613602","Census Tract 6136.02; Maricopa County; Arizona","149333","19801",
"1400000US04013613700","Census Tract 6137; Maricopa County; Arizona","138289","21795",
"1400000US04013613800","Census Tract 6138; Maricopa County; Arizona","121042","23439",
"1400000US04013613900","Census Tract 6139; Maricopa County; Arizona","143686","5626",
"1400000US04013614000","Census Tract 6140; Maricopa County; Arizona","118357","10879",
"1400000US04013614100","Census Tract 6141; Maricopa County; Arizona","103268","19973",
"1400000US04013614200","Census Tract 6142; Maricopa County; Arizona","119348","13196",
"1400000US04013614300","Census Tract 6143; Maricopa County; Arizona","147500","20330",
"1400000US04013614400","Census Tract 6144; Maricopa County; Arizona","56586","5131",
"1400000US04013614500","Census Tract 6145; Maricopa County; Arizona","76761","12280",
"1400000US04013614601","Census Tract 6146.01; Maricopa County; Arizona","58750","11471",
"1400000US04013614602","Census Tract 6146.02; Maricopa County; Arizona","76964","32401",
"1400000US04013614700","Census Tract 6147; Maricopa County; Arizona","49728","9679",
"1400000US04013614800","Census Tract 6148; Maricopa County; Arizona","69306","11376",
"1400000US04013614900","Census Tract 6149; Maricopa County; Arizona","98423","11389",
"1400000US04013615001","Census Tract 6150.01; Maricopa County; Arizona","192055","16634",
"1400000US04013615002","Census Tract 6150.02; Maricopa County; Arizona","152132","22670",
"1400000US04013615100","Census Tract 6151; Maricopa County; Arizona","158179","13810",
"1400000US04013615201","Census Tract 6152.01; Maricopa County; Arizona","87252","14949",
"1400000US04013615202","Census Tract 6152.02; Maricopa County; Arizona","85050","22135",
"1400000US04013615300","Census Tract 6153; Maricopa County; Arizona","47056","11171",
"1400000US04013615400","Census Tract 6154; Maricopa County; Arizona","58578","5476",
"1400000US04013615500","Census Tract 6155; Maricopa County; Arizona","61232","5564",
"1400000US04013615600","Census Tract 6156; Maricopa County; Arizona","56694","11631",
"1400000US04013615700","Census Tract 6157; Maricopa County; Arizona","101205","16050",
"1400000US04013615800","Census Tract 6158; Maricopa County; Arizona","101711","13924",
"1400000US04013615900","Census Tract 6159; Maricopa County; Arizona","88606","22522",
"1400000US04013616000","Census Tract 6160; Maricopa County; Arizona","75000","27525",
"1400000US04013616100","Census Tract 6161; Maricopa County; Arizona","73555","7105",
"1400000US04013616200","Census Tract 6162; Maricopa County; Arizona","98995","9926",
"1400000US04013616300","Census Tract 6163; Maricopa County; Arizona","93705","4337",
"1400000US04013616400","Census Tract 6164; Maricopa County; Arizona","76915","10999",
"1400000US04013616500","Census Tract 6165; Maricopa County; Arizona","69470","15173",
"1400000US04013616600","Census Tract 6166; Maricopa County; Arizona","71806","12474",
"1400000US04013616700","Census Tract 6167; Maricopa County; Arizona","86292","10644",
"1400000US04013616800","Census Tract 6168; Maricopa County; Arizona","87902","10649",
"1400000US04013616900","Census Tract 6169; Maricopa County; Arizona","81322","9766",
"1400000US04013617001","Census Tract 6170.01; Maricopa County; Arizona","-","**",
"1400000US04013617002","Census Tract 6170.02; Maricopa County; Arizona","67297","8255",
"1400000US04013617100","Census Tract 6171; Maricopa County; Arizona","111964","18335",
"1400000US04013617200","Census Tract 6172; Maricopa County; Arizona","131213","14357",
"1400000US04013617300","Census Tract 6173; Maricopa County; Arizona","102083","45984",
"1400000US04013617400","Census Tract 6174; Maricopa County; Arizona","63549","4255",
"1400000US04013617500","Census Tract 6175; Maricopa County; Arizona","60483","12196",
"1400000US04013617600","Census Tract 6176; Maricopa County; Arizona","67528","10053",
"1400000US04013617700","Census Tract 6177; Maricopa County; Arizona","68703","8274",
"1400000US04013617800","Census Tract 6178; Maricopa County; Arizona","134904","35907",
"1400000US04013617900","Census Tract 6179; Maricopa County; Arizona","68679","41760",
"1400000US04013618000","Census Tract 6180; Maricopa County; Arizona","103885","12394",
"1400000US04013618100","Census Tract 6181; Maricopa County; Arizona","89562","8981",
"1400000US04013618200","Census Tract 6182; Maricopa County; Arizona","82321","11370",
"1400000US04013618300","Census Tract 6183; Maricopa County; Arizona","92798","23797",
"1400000US04013618400","Census Tract 6184; Maricopa County; Arizona","60000","13119",
"1400000US04013618500","Census Tract 6185; Maricopa County; Arizona","53864","12961",
"1400000US04013618600","Census Tract 6186; Maricopa County; Arizona","59779","9692",
"1400000US04013618700","Census Tract 6187; Maricopa County; Arizona","78490","11833",
"1400000US04013618800","Census Tract 6188; Maricopa County; Arizona","44860","6939",
"1400000US04013618900","Census Tract 6189; Maricopa County; Arizona","68347","15354",
"1400000US04013619000","Census Tract 6190; Maricopa County; Arizona","56707","26722",
"1400000US04013619100","Census Tract 6191; Maricopa County; Arizona","41653","9320",
"1400000US04013619200","Census Tract 6192; Maricopa County; Arizona","49353","5466",
"1400000US04013619300","Census Tract 6193; Maricopa County; Arizona","52294","10756",
"1400000US04013619400","Census Tract 6194; Maricopa County; Arizona","71964","11516",
"1400000US04013619500","Census Tract 6195; Maricopa County; Arizona","68833","15168",
"1400000US04013619601","Census Tract 6196.01; Maricopa County; Arizona","-","**",
"1400000US04013619602","Census Tract 6196.02; Maricopa County; Arizona","76477","8352",
"1400000US04013619700","Census Tract 6197; Maricopa County; Arizona","88818","16592",
"1400000US04013619800","Census Tract 6198; Maricopa County; Arizona","80391","36373",
"1400000US04013619900","Census Tract 6199; Maricopa County; Arizona","141631","30651",
"1400000US04013723304","Census Tract 7233.04; Maricopa County; Arizona","78528","9240",
"1400000US04013723305","Census Tract 7233.05; Maricopa County; Arizona","49375","17829",
"1400000US04013723306","Census Tract 7233.06; Maricopa County; Arizona","-","**",
"1400000US04013723307","Census Tract 7233.07; Maricopa County; Arizona","121212","8042",
"1400000US04013723309","Census Tract 7233.09; Maricopa County; Arizona","108063","34888",
"1400000US04013723310","Census Tract 7233.10; Maricopa County; Arizona","139273","7528",
"1400000US04013723311","Census Tract 7233.11; Maricopa County; Arizona","117536","11166",
"1400000US04013810000","Census Tract 8100; Maricopa County; Arizona","129853","44781",
"1400000US04013810100","Census Tract 8101; Maricopa County; Arizona","155516","22356",
"1400000US04013810200","Census Tract 8102; Maricopa County; Arizona","102042","28590",
"1400000US04013810300","Census Tract 8103; Maricopa County; Arizona","90254","10660",
"1400000US04013810400","Census Tract 8104; Maricopa County; Arizona","108625","29076",
"1400000US04013810500","Census Tract 8105; Maricopa County; Arizona","113000","25794",
"1400000US04013810600","Census Tract 8106; Maricopa County; Arizona","112565","11989",
"1400000US04013810700","Census Tract 8107; Maricopa County; Arizona","86358","8460",
"1400000US04013810800","Census Tract 8108; Maricopa County; Arizona","124286","20728",
"1400000US04013810900","Census Tract 8109; Maricopa County; Arizona","116009","16539",
"1400000US04013811000","Census Tract 8110; Maricopa County; Arizona","114792","27256",
"1400000US04013811100","Census Tract 8111; Maricopa County; Arizona","82708","10900",
"1400000US04013811200","Census Tract 8112; Maricopa County; Arizona","89107","9498",
"1400000US04013811300","Census Tract 8113; Maricopa County; Arizona","124306","19407",
"1400000US04013811400","Census Tract 8114; Maricopa County; Arizona","116037","6787",
"1400000US04013811500","Census Tract 8115; Maricopa County; Arizona","116586","9236",
"1400000US04013811600","Census Tract 8116; Maricopa County; Arizona","106905","22156",
"1400000US04013811700","Census Tract 8117; Maricopa County; Arizona","93430","29331",
"1400000US04013811800","Census Tract 8118; Maricopa County; Arizona","178250","30577",
"1400000US04013811900","Census Tract 8119; Maricopa County; Arizona","119750","18338",
"1400000US04013812000","Census Tract 8120; Maricopa County; Arizona","77045","15296",
"1400000US04013812100","Census Tract 8121; Maricopa County; Arizona","92545","7672",
"1400000US04013812200","Census Tract 8122; Maricopa County; Arizona","102449","17829",
"1400000US04013812300","Census Tract 8123; Maricopa County; Arizona","118770","21912",
"1400000US04013812400","Census Tract 8124; Maricopa County; Arizona","124087","12256",
"1400000US04013812500","Census Tract 8125; Maricopa County; Arizona","168250","20539",
"1400000US04013812600","Census Tract 8126; Maricopa County; Arizona","116780","25627",
"1400000US04013812700","Census Tract 8127; Maricopa County; Arizona","122991","22324",
"1400000US04013812801","Census Tract 8128.01; Maricopa County; Arizona","142593","26973",
"1400000US04013812802","Census Tract 8128.02; Maricopa County; Arizona","126210","17895",
"1400000US04013812900","Census Tract 8129; Maricopa County; Arizona","167500","31806",
"1400000US04013813000","Census Tract 8130; Maricopa County; Arizona","143659","14649",
"1400000US04013813100","Census Tract 8131; Maricopa County; Arizona","161771","32032",
"1400000US04013813200","Census Tract 8132; Maricopa County; Arizona","197361","29366",
"1400000US04013813300","Census Tract 8133; Maricopa County; Arizona","170772","24508",
"1400000US04013813400","Census Tract 8134; Maricopa County; Arizona","165139","32336",
"1400000US04013813500","Census Tract 8135; Maricopa County; Arizona","202688","27485",
"1400000US04013813600","Census Tract 8136; Maricopa County; Arizona","228456","45198",
"1400000US04013813700","Census Tract 8137; Maricopa County; Arizona","67163","13630",
"1400000US04013813800","Census Tract 8138; Maricopa County; Arizona","61281","6523",
"1400000US04013813900","Census Tract 8139; Maricopa County; Arizona","128603","13310",
"1400000US04013814000","Census Tract 8140; Maricopa County; Arizona","73431","10774",
"1400000US04013814100","Census Tract 8141; Maricopa County; Arizona","118468","20297",
"1400000US04013814200","Census Tract 8142; Maricopa County; Arizona","147167","27139",
"1400000US04013814300","Census Tract 8143; Maricopa County; Arizona","97996","11779",
"1400000US04013814400","Census Tract 8144; Maricopa County; Arizona","117989","9865",
"1400000US04013814500","Census Tract 8145; Maricopa County; Arizona","108000","24736",
"1400000US04013814600","Census Tract 8146; Maricopa County; Arizona","64117","16500",
"1400000US04013814700","Census Tract 8147; Maricopa County; Arizona","111102","2754",
"1400000US04013814801","Census Tract 8148.01; Maricopa County; Arizona","117259","9518",
"1400000US04013814802","Census Tract 8148.02; Maricopa County; Arizona","94833","14912",
"1400000US04013814900","Census Tract 8149; Maricopa County; Arizona","131691","26081",
"1400000US04013815000","Census Tract 8150; Maricopa County; Arizona","151847","15611",
"1400000US04013815100","Census Tract 8151; Maricopa County; Arizona","124384","21197",
"1400000US04013815201","Census Tract 8152.01; Maricopa County; Arizona","99470","15734",
"1400000US04013815202","Census Tract 8152.02; Maricopa County; Arizona","110625","38146",
"1400000US04013815203","Census Tract 8152.03; Maricopa County; Arizona","109978","8250",
"1400000US04013815300","Census Tract 8153; Maricopa County; Arizona","173750","22134",
"1400000US04013815401","Census Tract 8154.01; Maricopa County; Arizona","144663","49237",
"1400000US04013815402","Census Tract 8154.02; Maricopa County; Arizona","131863","29586",
"1400000US04013815501","Census Tract 8155.01; Maricopa County; Arizona","130391","28673",
"1400000US04013815502","Census Tract 8155.02; Maricopa County; Arizona","64235","16277",
"1400000US04013815601","Census Tract 8156.01; Maricopa County; Arizona","141917","72359",
"1400000US04013815602","Census Tract 8156.02; Maricopa County; Arizona","111167","12979",
"1400000US04013815700","Census Tract 8157; Maricopa County; Arizona","122454","15764",
"1400000US04013815800","Census Tract 8158; Maricopa County; Arizona","97246","23646",
"1400000US04013815901","Census Tract 8159.01; Maricopa County; Arizona","153317","27281",
"1400000US04013815902","Census Tract 8159.02; Maricopa County; Arizona","142198","29909",
"1400000US04013816001","Census Tract 8160.01; Maricopa County; Arizona","157083","42107",
"1400000US04013816002","Census Tract 8160.02; Maricopa County; Arizona","160304","59926",
"1400000US04013816003","Census Tract 8160.03; Maricopa County; Arizona","169953","72116",
"1400000US04013816004","Census Tract 8160.04; Maricopa County; Arizona","153250","29301",
"1400000US04013816005","Census Tract 8160.05; Maricopa County; Arizona","148713","11925",
"1400000US04013816100","Census Tract 8161; Maricopa County; Arizona","123861","17728",
"1400000US04013816200","Census Tract 8162; Maricopa County; Arizona","116038","14874",
"1400000US04013816301","Census Tract 8163.01; Maricopa County; Arizona","68176","14611",
"1400000US04013816302","Census Tract 8163.02; Maricopa County; Arizona","197321","19110",
"1400000US04013816401","Census Tract 8164.01; Maricopa County; Arizona","124297","32445",
"1400000US04013816402","Census Tract 8164.02; Maricopa County; Arizona","137422","27057",
"1400000US04013816501","Census Tract 8165.01; Maricopa County; Arizona","181012","45736",
"1400000US04013816502","Census Tract 8165.02; Maricopa County; Arizona","150387","18051",
"1400000US04013816600","Census Tract 8166; Maricopa County; Arizona","124049","16554",
"1400000US04013816700","Census Tract 8167; Maricopa County; Arizona","177381","25880",
"1400000US04013816800","Census Tract 8168; Maricopa County; Arizona","131958","16448",
"1400000US04013816901","Census Tract 8169.01; Maricopa County; Arizona","127902","16728",
"1400000US04013816902","Census Tract 8169.02; Maricopa County; Arizona","145243","15318",
"1400000US04013816903","Census Tract 8169.03; Maricopa County; Arizona","155820","73238",
"1400000US04013816904","Census Tract 8169.04; Maricopa County; Arizona","167716","31550",
"1400000US04013817000","Census Tract 8170; Maricopa County; Arizona","144205","37800",
"1400000US04013817101","Census Tract 8171.01; Maricopa County; Arizona","103182","30319",
"1400000US04013817102","Census Tract 8171.02; Maricopa County; Arizona","105190","22242",
"1400000US04013817103","Census Tract 8171.03; Maricopa County; Arizona","93295","16763",
"1400000US04013817200","Census Tract 8172; Maricopa County; Arizona","123250","38587",
"1400000US04013817300","Census Tract 8173; Maricopa County; Arizona","64387","11540",
"1400000US04013817400","Census Tract 8174; Maricopa County; Arizona","52685","14867",
"1400000US04013817500","Census Tract 8175; Maricopa County; Arizona","62760","11308",
"1400000US04013817600","Census Tract 8176; Maricopa County; Arizona","120893","22008",
"1400000US04013940700","Census Tract 9407; Maricopa County; Arizona","-","**",
"1400000US04013941000","Census Tract 9410; Maricopa County; Arizona","37048","19037",
"1400000US04013941100","Census Tract 9411; Maricopa County; Arizona","-","**",
"1400000US04013941200","Census Tract 9412; Maricopa County; Arizona","56917","8720",
"1400000US04013941300","Census Tract 9413; Maricopa County; Arizona","36447","11153",
"1400000US04013980100","Census Tract 9801; Maricopa County; Arizona","-","**",
"1400000US04013980400","Census Tract 9804; Maricopa County; Arizona","-","**",
"1400000US04013980500","Census Tract 9805; Maricopa County; Arizona","-","**",
"1400000US04013980700","Census Tract 9807; Maricopa County; Arizona","-","**",
"1400000US04013980900","Census Tract 9809; Maricopa County; Arizona","116793","58448",
"1400000US04013981000","Census Tract 9810; Maricopa County; Arizona","-","**",
